<?xml version="1.0" encoding="UTF-8"?>
<beans xmlns="http://www.springframework.org/schema/beans"
	xmlns:xsi="http://www.w3.org/2001/XMLSchema-instance" 
	xmlns:p="http://www.springframework.org/schema/p"
	xmlns:dubbo="http://code.alibabatech.com/schema/dubbo"
	xmlns:context="http://www.springframework.org/schema/context" 
	xmlns:tx="http://www.springframework.org/schema/tx"
	xmlns:aop="http://www.springframework.org/schema/aop"
	xsi:schemaLocation="
		http://www.springframework.org/schema/beans
		http://www.springframework.org/schema/beans/spring-beans-2.5.xsd
		http://www.springframework.org/schema/context
		http://www.springframework.org/schema/context/spring-context-2.5.xsd
		http://www.springframework.org/schema/tx
		http://www.springframework.org/schema/tx/spring-tx-2.5.xsd
		http://code.alibabatech.com/schema/dubbo 
		http://code.alibabatech.com/schema/dubbo/dubbo.xsd 
		http://www.springframework.org/schema/aop
        http://www.springframework.org/schema/aop/spring-aop-2.5.xsd"  default-autowire="byName">
	
	
	
	<!-- 注入实现类 -->
   <bean id="userService" class="com.ytc.service.UserServiceImpl"></bean>
   <!-- 提供方应用名称信息，这个相当于起一个名字，我们dubbo管理页面比较清晰是哪个应用暴露出来的,保持唯一性 -->  
   <dubbo:application name="dubbo_provider"></dubbo:application>  
   <!-- 使用zookeeper注册中心暴露服务地址 -->    
   <dubbo:registry address="zookeeper://127.0.0.1:2181" register="" check="false" subscribe="false" />
   <!-- dubbo端口号 -->  
   <dubbo:protocol name="dubbo" port="20884" ></dubbo:protocol>
   <!-- 用于服务生产者暴露服务配置 -->
   <dubbo:service interface="com.ytc.service.UserService" ref="userService" timeout="1000"/>

 </beans>	
