<?xml version="1.0" encoding="UTF-8" ?>
<!DOCTYPE mapper PUBLIC "-//mybatis.org//DTD Mapper 3.0//EN" "http://mybatis.org/dtd/mybatis-3-mapper.dtd" >
<mapper namespace="com.ytc.dao.UserMapper" >
  <resultMap id="BaseResultMap" type="com.ytc.model.User" >
    <id column="userid" property="userid" jdbcType="INTEGER" />
    <result column="username" property="username" jdbcType="VARCHAR" />
    <result column="userpassword" property="userpassword" jdbcType="VARCHAR" />
    <result column="userbir" property="userbir" jdbcType="DATE" />
    <result column="userprice" property="userprice" jdbcType="DOUBLE" />
  </resultMap>
  <sql id="Base_Column_List" >
    userid, username, userpassword, userbir, userprice
  </sql>
  <select id="queryUserList" resultMap="BaseResultMap"  >
    select 
    <include refid="Base_Column_List" />
    from t_user
  </select>

  <insert id="addUser" parameterType="user" >
    insert into t_user ( username, userpassword,
    userbir, userprice)
    values ( #{username}, #{userpassword},
    #{userbir}, #{userprice})
  </insert>

</mapper>